Brand,TAC,SPECS
SAMSUNG,35984745,"SAMSUNG GALAXY A55 5G, Samsung SM-A556E2024"
SAMSUNG,35846099,"SAMSUNG GALAXY A35 5G, Samsung SM-A356E/DS2024"
SAMSUNG,35477517,"SAMSUNG GALAXY A15, Samsung SM-A155M/N2023"
SAMSUNG,35973614,"SAMSUNG GALAXY S24 ULTRA, Samsung SM-S928U1, US Model, 2024"
APPLE,35089945,"APPLE IPHONE 15, Apple iPhone 15, A2846, 2023"
APPLE,35982437,"APPLE IPHONE 15 PRO MAX, Apple iPhone 15 Pro Max, A3108, 2023"
APPLE,35012276,"APPLE IPHONE 13, Apple iPhone 13, A2633, 2021"
APPLE,35045446,"APPLE IPHONE 16, Apple iPhone 16, A3287, 2024"
APPLE,1335900,"APPLE, APPLE IPAD MINI"
OPPO,86702408,"OPPO PMC110, Oppo PMC110, Oppo A6c, 2026"
OPPO,86951805,"OPPO RENO5 F, Oppo CPH22172021"
VIVO,86283608,"VIVO Y50 5G, Vivo Mobile V2443A2025"
VIVO,86989905,"VIVO V9 YOUTH, Vivo Mobile vivo 1727"
XIAOMI,86063108,"XIAOMI REDMI 15C, Xiaomi 25078RA3EY2025"
REDMI,99002110,"REDMI NOTE 13 PRO, Xiaomi 2311DRK48C, Redmi Note 13 Pro 4G, 2024, MT H G99-Ultra"
POCO,86701107,"XIAOMI POCO F7 ULTRA, Xiaomi 24122RKC7G, Global Model, 2025"
XIAOMI,86901807,"XIAOMI 14T PRO, Xiaomi 2407FPN8EG, Global Model, 2024"
REALME,86988106,"REALME C30, Realme Chongqing RMX35812022"
REALME,86133408,"REALME RMX5555, Realme Chongqing RMX5555, Realme C85 Pro, 2025"
HUAWEI,86946607,"HUAWEI TLR-AL00, Huawei Device Company TLR-AL00, Huawei nova 14, 2025"
HUAWEI,86939304,"HUAWEI HONOR 8X, Huawei JSN-AL00a"
NOKIA,35799354,"NOKIA 225 4G (2024), HMD Global TA-16252024"
SONY,35666018,"SONY XPERIA 1 IV, Sony XQ-CT54, Xperia 1 IV (UK, EU) 5G, 2022, QC SD 8 Gen 1"
MOTOROLA,35033549,"MOTOROLA LAGOS25, Motorola XT2535-6, Motorola Moto G06, 2025"
TECNO,35898429,"TECNO SPARK 20 PRO, Tecno HK KJ62023, MT H G99"
APPLE,35087403,"APPLE IPHONE XR, Apple iPhone XR, A1984 - (US Model), 2018, Intel XMM 7560 Modem"
NOKIA,440236,"NOKIA, N/A, NOKIA THIS IS A TEST IMEI TO BE USED"
OLD_PHONES,,
