cert_no,payee,payee_tax_id,pay_date,income_type,gross_baht,wht_baht,wht_pct,filing_form,payee_title,payee_address,payee_branch,wht_condition,wht_paid_by_payer_baht
WHT-2569-001,ประเสริฐ รับเหมา,1103700000038,04/10/2569,ค่าจ้างทำของ มาตรา 40(8),1000.00,30.00,3.00,PND3,-,-,-,withhold,0.00
WHT-2569-002,ประเสริฐ รับเหมา,1103700000038,04/10/2569,ค่าจ้างทำของ มาตรา 40(8),5500.00,165.00,3.00,PND3,-,-,-,withhold,0.00
WHT-2569-003,บุญมี ภาคสนาม,1103700000020,04/10/2569,ค่าจ้างทำของ มาตรา 40(8),100.00,3.00,3.00,PND3,-,-,-,withhold,0.00
WHT-2569-004,บุญมี ภาคสนาม,1103700000020,04/10/2569,ค่าจ้างทำของ มาตรา 40(8),75.00,2.25,3.00,PND3,-,-,-,withhold,0.00
WHT-2569-005,บุญมี ภาคสนาม,1103700000020,04/10/2569,ค่าจ้างทำของ มาตรา 40(8),500.00,15.00,3.00,PND3,-,-,-,withhold,0.00
WHT-2569-006,บุญมี ภาคสนาม,1103700000020,04/10/2569,ค่าจ้างทำของ มาตรา 40(8),100.00,3.00,3.00,PND3,-,-,-,withhold,0.00
WHT-2569-007,บุญมี ภาคสนาม,1103700000020,04/10/2569,ค่าจ้างทำของ มาตรา 40(8),200.00,6.00,3.00,PND3,-,-,-,withhold,0.00
WHT-2569-008,บุญมี ภาคสนาม,1103700000020,04/10/2569,ค่าจ้างทำของ มาตรา 40(8),75.00,2.25,3.00,PND3,-,-,-,withhold,0.00
WHT-2569-010,อนันต์ ตามทรัพย์,1103700000011,04/10/2569,ค่าจ้างทำของ มาตรา 40(8),500.00,15.00,3.00,PND3,-,-,-,withhold,0.00
WHT-2569-011,อนันต์ ตามทรัพย์,1103700000011,04/10/2569,ค่าจ้างทำของ มาตรา 40(8),75.00,2.25,3.00,PND3,-,-,-,withhold,0.00
WHT-2569-012,อนันต์ ตามทรัพย์,1103700000011,04/10/2569,ค่าจ้างทำของ มาตรา 40(8),500.00,15.00,3.00,PND3,-,-,-,withhold,0.00
WHT-2569-013,อนันต์ ตามทรัพย์,1103700000011,04/10/2569,ค่าจ้างทำของ มาตรา 40(8),600.00,18.00,3.00,PND3,-,-,-,withhold,0.00
WHT-2569-014,อนันต์ ตามทรัพย์,1103700000011,04/10/2569,ค่าจ้างทำของ มาตรา 40(8),100.00,3.00,3.00,PND3,-,-,-,withhold,0.00
WHT-2569-015,อนันต์ ตามทรัพย์,1103700000011,04/10/2569,ค่าจ้างทำของ มาตรา 40(8),100.00,3.00,3.00,PND3,-,-,-,withhold,0.00
WHT-2569-016,อนันต์ ตามทรัพย์,1103700000011,04/10/2569,ค่าจ้างทำของ มาตรา 40(8),75.00,2.25,3.00,PND3,-,-,-,withhold,0.00
WHT-2569-017,อนันต์ ตามทรัพย์,1103700000011,05/10/2569,ค่าจ้างทำของ มาตรา 40(8),1350.00,40.50,3.00,PND3,-,-,-,withhold,0.00
WHT-2569-018,อนันต์ ตามทรัพย์,1103700000011,06/10/2569,ค่าจ้างทำของ มาตรา 40(8),1350.00,40.50,3.00,PND3,นาย,99/9 หมู่ 1 แขวงบางกะปิ เขตห้วยขวาง กรุงเทพมหานคร 10310,-,withhold,0.00
WHT-2569-019,บุญมี ภาคสนาม,1103700000020,06/10/2569,ค่าจ้างทำของ มาตรา 40(8),10309.28,309.28,3.00,PND3,นาย,99/9 หมู่ 1 ถนนตัวอย่าง (ข้อมูลทดสอบ UAT) แขวงห้วยขวาง เขตห้วยขวาง กรุงเทพมหานคร 10310,-,pay_always,309.28
WHT-2569-020,อนันต์ ตามทรัพย์,1103700000011,06/10/2569,ค่าจ้างทำของ มาตรา 40(8),12716.04,370.37,3.00,PND3,นาย,99/9 หมู่ 1 แขวงบางกะปิ เขตห้วยขวาง กรุงเทพมหานคร 10310,-,pay_once,370.37
