file	bytes	sha256
C1-contract.pdf	733	ab50e1b3940d54d162a9528f5b078beaa9db4d3dc38b116b122089cb6b780f33
C1-idcard.png	1701	0c087269e501b8731ebf5d2103e1b94757f8e5d808f0c98e03bf54053941d41a
C1-product.png	2296	555061403bfc9d2a7e4e755b871c47fcc89fec26b6672261294d642f43e382bd
C2-contract.pdf	730	fed994dd924a2bf39a36ad5222b41d93724112f2bb81ab15d6bcbda7448962e7
C2-idcard.png	1701	285eeebe2b03a08219c1b61cef713b3178f8fe143ccdb84d5d615e85eb85a7a1
C2-product.png	2293	e0bb9ef0cbb9d8f76fd267efa7afa37df3449cce63164e6d1364ffa8477b1783
C3-contract.pdf	727	7f33cfc64fa421a8885c29dc6200b768abc0b81226c8c377e6dcd6ca7a99533a
C3-idcard.png	1701	8526cfc79bc92e501b401b8b6b9c944c71df46c2e256b8a74760bd3d12737507
C3-product.png	2290	176f59340d93d46e4b9e4f4f0a2721adcfb8e95cc8e628203ef686be6b5e969e
C4-contract.pdf	726	b386a3189252f2b7c9bc33b57e424ceaaa4ce37b28be76c72d4c2e02c573d24e
C4-idcard.png	1701	ba3155a47c738dc409714059f8f231cdaa40c19abdf43328edfa5e061c513677
C4-product.png	2289	d044d17792f1a173956d64e62cf230cf81059f6bcedcc380ed259ae087575189
C5-contract.pdf	723	cacd5b13f36e79af8658c51cced3d45abd384779eff33225046d53df5bb4a211
C5-idcard.png	1701	c7207cc7721c36ec82eda9a7fe371d902425b3f3af257010b089928fd6b50033
C5-product.png	2286	60d8ff029ed26f260de31e0c88aa165082940b0f0393013456a983dd89d562b2
C6-contract.pdf	728	988cf8339175a79974e9a8dadc2b4c19667c2e8a6682942221bf48aa8fd327fc
C6-idcard.png	1701	619eafdd7bd367c25bd69d47f837dd029b9e7256194cd4e95754e21985316ea7
C6-product.png	2291	92c8c76f6293952f0e2539493246a616a08a2da9540d68bdc1b67b18149ab431
C7-contract.pdf	733	e8023c19b2a870db5575c921dd2c9c8c51f249c33b0df4bd8f62e1ac451e722f
C7-idcard.png	1701	c5d408b776322d23625889da509bb7c48f0a808074e3e2d373b4583a64d398e3
C7-product.png	2296	87aadc09371a5b1f7b89d3909a48896375d01c899858d67116e1a8686399f59f
C8-contract.pdf	724	a9b08abe23ba5176b6db17ef6e9a7773d082ce89f9c1a103cc1a03e57a13269c
C8-idcard.png	1701	dd3856ad64b14b861a74c49cf6334f154de180b696c5e34fc697c37ad4b82ddd
C8-product.png	2287	91942a36c6068e4c26ad8fa7aff0d57014b2f2c133675a34be610d8be7176ed5
not-an-image.txt	64	a4d2e3637dee6c99635b9c1af8899d551c027803c9f01546bd4fe594e3b53242
