file	bytes	sha256	magic
R4-C1-photo.jpg	17666	c49a023fe3e7e9f72cd84ffd70ced4854eac8655bebf242feddb6a3c99869341	ffd8ffe000104a4649460001
R4-C1-product.jpg	17055	27de18a2c0c53e373a4ad505652278b67c26c380b2572f182e555f7690b0c4b0	ffd8ffe000104a4649460001
R4-C2-photo.jpg	17111	ee278b46b3042cd6e302514e16f263ce77787cf3c82741ea1dd91eba06ec3744	ffd8ffe000104a4649460001
R4-C2-product.jpg	16093	dc1ebfcbfdb3174ca1b6dc51b1e3c5e922ca031ede475af72ba2d07ef5dd7b76	ffd8ffe000104a4649460001
R4-C3-photo.jpg	20447	0c53be76f9c5f51488a5c28af18ec03e12c3175aafb726ffb96fb09b9a5789b0	ffd8ffe000104a4649460001
R4-C4-photo.jpg	16574	559f0dced6b8ec5828b7501ad72f87bbfdf1af0c1ee6d32125175eb83c476eab	ffd8ffe000104a4649460001
R4-C4-product-v1.jpg	14378	7edb4f09749f4e306465cde4414d380f5d52058b14c5921876646f4a40068323	ffd8ffe000104a4649460001
R4-C4-product-v2.jpg	16787	34a64d1ec5a8c4e79af37ca572bc22fd208cb787ce5a624fa14996002e80035d	ffd8ffe000104a4649460001
R4-C5-photo.jpg	18029	9f10e087f0907a377a444a974b83bcec925ba1f069d7205c014b5ae9ad46d7db	ffd8ffe000104a4649460001
R4-C5-product.png	25124	d98a6fea9c84580ab24ed853e57b97d68225d5fcb0da4c2121b958909004810e	89504e470d0a1a0a0000000d
R4-C1-video.mp4	11164	527e8755f9d9f7ab8b3f906563889f6044618c98d54b0cab324672dcc97d539e	000000246674797069736f6d
R4-C2-video.mp4	11450	34033973ac3c8cf2c939150e26c2c89965cbe09fd861a2900a4c05d66a05a841	000000246674797069736f6d
R4-C3-video.mp4	10702	84c2375116d9ded21dc58010e29ffc13b72e606297c200bd412a863a22a02000	000000246674797069736f6d
R4-C4-video.mp4	10717	d10012128de0b3ccb3b2777df768e60720e6aff38e007f0a03fd18217f992d20	000000246674797069736f6d
R4-C5-video.mp4	10853	a49e5235370548d05c68a2811dd8d0c8e7a221bad2322132fbb115bd6d9ff35c	000000246674797069736f6d
R4-fake-video.mp4	37	725ae8572b6d540ddf6373c7525b257e76a0fe61c26bd0fa10fe16fd88ab1635	74686973206973206e6f7420
