payee,category,gross_baht,wht_baht,net_baht,receipt_in_company_name,expense_id,work_date,payment_date,payout_batch_ref,voucher_ref,case_ref,cost_center,receipt_file
ประเสริฐ รับเหมา,คอมมิชชั่น,1000.00,30.00,970.00,,3f45089d-c432-45fb-875b-182c4bda8f98,04/10/2569,04/10/2569,PB-OUT-25691004-E0E8450EB861,PV-2569-PB-OUT-25691004-E0E8450EB861-001,UAT-CO2-005,-,-
ประเสริฐ รับเหมา,ค่าน้ำมัน,5500.00,165.00,5335.00,,7938f17c-2628-46f7-bed7-c0e1398e3bc6,04/10/2569,04/10/2569,PB-OUT-25691004-E0E8450EB861,PV-2569-PB-OUT-25691004-E0E8450EB861-001,UAT-CO2-005,-,-
ประเสริฐ รับเหมา,เงินทดรองจ่าย,1000.00,0.00,1000.00,,ADV-E49CA2EB,-,04/10/2569,PB-OUT-25691004-E0E8450EB861,PV-2569-PB-OUT-25691004-E0E8450EB861-001,-,-,-
บุญมี ภาคสนาม,ค่าน้ำมัน,100.00,3.00,97.00,,b6ea275a-6f4a-4e4b-8bd5-93deaf505b42,04/10/2569,04/10/2569,PB-IN-25691004-CF0E825C077D,PV-2569-PB-IN-25691004-CF0E825C077D-001,UAT-CO1-004,-,-
บุญมี ภาคสนาม,เบี้ยเลี้ยง,75.00,2.25,72.75,,c7b25cb3-f97b-4b3d-b0c6-8e9485f93587,04/10/2569,04/10/2569,PB-IN-25691004-CF0E825C077D,PV-2569-PB-IN-25691004-CF0E825C077D-001,UAT-CO1-004,-,-
บุญมี ภาคสนาม,คอมมิชชั่น,500.00,15.00,485.00,,2b46fa31-1e42-414d-9a65-ecb17b44695f,04/10/2569,04/10/2569,PB-IN-25691004-CF0E825C077D,PV-2569-PB-IN-25691004-CF0E825C077D-001,UAT-CO1-004,-,-
บุญมี ภาคสนาม,ค่าน้ำมัน,100.00,3.00,97.00,,662fb17a-f4c4-4ed8-b194-0b148655e75e,04/10/2569,04/10/2569,PB-IN-25691004-CF0E825C077D,PV-2569-PB-IN-25691004-CF0E825C077D-001,UAT-CO2-003,-,-
บุญมี ภาคสนาม,เบี้ยเสี่ยง,200.00,6.00,194.00,,0fa5486a-a6b3-45ea-938a-427f57d7170a,04/10/2569,04/10/2569,PB-IN-25691004-CF0E825C077D,PV-2569-PB-IN-25691004-CF0E825C077D-001,UAT-CO2-003,-,-
บุญมี ภาคสนาม,เบี้ยเลี้ยง,75.00,2.25,72.75,,145b4f54-51d4-490c-8a7e-fbad195834b0,04/10/2569,04/10/2569,PB-IN-25691004-CF0E825C077D,PV-2569-PB-IN-25691004-CF0E825C077D-001,UAT-CO2-003,-,-
บุญมี ภาคสนาม,เงินทดรองจ่าย,2000.00,0.00,2000.00,,ADV-1959AF6D,-,04/10/2569,PB-IN-25691004-CF0E825C077D,PV-2569-PB-IN-25691004-CF0E825C077D-001,-,-,-
ประเสริฐ รับเหมา,รายการกรอกเอง,300.00,0.00,300.00,,07e766d0-8a30-49f7-a2e0-42a62547bc18,04/10/2569,04/10/2569,PB-OUT-25691004-24CC1D80C0E8,PV-2569-PB-OUT-25691004-24CC1D80C0E8-001,-,-,-
อนันต์ ตามทรัพย์,เบี้ยเลี้ยง,75.00,2.25,72.75,,276fe274-4427-4570-9fe7-b21317c4f613,04/10/2569,04/10/2569,PB-IN-25691004-8FBE515CEDF4,PV-2569-PB-IN-25691004-8FBE515CEDF4-001,UAT-CO1-001,-,-
อนันต์ ตามทรัพย์,คอมมิชชั่น,500.00,15.00,485.00,,0a5ae538-3229-4888-b840-b048178c000f,04/10/2569,04/10/2569,PB-IN-25691004-8FBE515CEDF4,PV-2569-PB-IN-25691004-8FBE515CEDF4-001,UAT-CO1-001,-,-
อนันต์ ตามทรัพย์,เบี้ยเลี้ยง,75.00,2.25,72.75,,a83f83a0-1dca-43d1-bc1b-cb3bc389d28a,04/10/2569,04/10/2569,PB-IN-25691004-8FBE515CEDF4,PV-2569-PB-IN-25691004-8FBE515CEDF4-001,UAT-CO1-002,-,-
อนันต์ ตามทรัพย์,คอมมิชชั่น,500.00,15.00,485.00,,7a80d26b-35f2-4fa3-bcfa-477a77e94220,04/10/2569,04/10/2569,PB-IN-25691004-8FBE515CEDF4,PV-2569-PB-IN-25691004-8FBE515CEDF4-001,UAT-CO1-002,-,-
อนันต์ ตามทรัพย์,ค่าที่พัก,600.00,18.00,582.00,N,5e527e99-5d0b-4e21-8dbd-db50e919ab6c,04/10/2569,04/10/2569,PB-IN-25691004-8FBE515CEDF4,PV-2569-PB-IN-25691004-8FBE515CEDF4-001,-,-,da2904f1-5b20-4550-bded-fcd0ed53ed4a-R4-C1-photo.jpg
อนันต์ ตามทรัพย์,ค่าน้ำมัน,100.00,3.00,97.00,,19418b58-aa96-49d6-960c-5c9bb4c282f5,04/10/2569,04/10/2569,PB-IN-25691004-8FBE515CEDF4,PV-2569-PB-IN-25691004-8FBE515CEDF4-001,UAT-CO1-001,-,-
อนันต์ ตามทรัพย์,ค่าน้ำมัน,100.00,3.00,97.00,,985a4f35-38cf-4221-984e-e0c6e350dedd,04/10/2569,04/10/2569,PB-IN-25691004-8FBE515CEDF4,PV-2569-PB-IN-25691004-8FBE515CEDF4-001,UAT-CO1-002,-,-
อนันต์ ตามทรัพย์,เงินทดรองจ่าย,3000.00,0.00,3000.00,,ADV-3BDE18D7,-,04/10/2569,PB-IN-25691004-8FBE515CEDF4,PV-2569-PB-IN-25691004-8FBE515CEDF4-001,-,-,-
อนันต์ ตามทรัพย์,เบี้ยเลี้ยง,75.00,2.25,72.75,,8370a312-6621-431f-a020-c882231af7de,05/10/2569,05/10/2569,PB-IN-25691005-73E684C3095B,PV-2569-PB-IN-25691005-73E684C3095B-001,UAT-CO1-901,-,-
อนันต์ ตามทรัพย์,ค่าน้ำมัน,100.00,3.00,97.00,,ec906574-b870-4eea-adc0-2678da9b2c43,05/10/2569,05/10/2569,PB-IN-25691005-73E684C3095B,PV-2569-PB-IN-25691005-73E684C3095B-001,UAT-CO2-007,-,-
อนันต์ ตามทรัพย์,ค่าน้ำมัน,100.00,3.00,97.00,,36a46ea8-85f4-41d6-b733-0775728d05b5,05/10/2569,05/10/2569,PB-IN-25691005-73E684C3095B,PV-2569-PB-IN-25691005-73E684C3095B-001,UAT-CO1-901,-,-
อนันต์ ตามทรัพย์,คอมมิชชั่น,500.00,15.00,485.00,,b07008ac-a78e-4714-90e3-ebab011d3626,05/10/2569,05/10/2569,PB-IN-25691005-73E684C3095B,PV-2569-PB-IN-25691005-73E684C3095B-001,UAT-CO2-007,-,-
อนันต์ ตามทรัพย์,เบี้ยเลี้ยง,75.00,2.25,72.75,,0c49d17a-a035-4e5b-b9b1-1c9c3dd1fe0e,05/10/2569,05/10/2569,PB-IN-25691005-73E684C3095B,PV-2569-PB-IN-25691005-73E684C3095B-001,UAT-CO2-007,-,-
อนันต์ ตามทรัพย์,ค่าที่พัก,800.00,0.00,800.00,N,d61baf6f-a5d8-4fe5-9e34-3b5cdfaf0c52,05/10/2569,05/10/2569,PB-IN-25691005-73E684C3095B,PV-2569-PB-IN-25691005-73E684C3095B-001,-,-,b9af5370-b91a-4c32-9a1e-a49fffad7b95-R4-C1-photo.jpg
อนันต์ ตามทรัพย์,คอมมิชชั่น,500.00,15.00,485.00,,21205e2b-7c29-47d0-8216-9d4e2e3c3074,05/10/2569,05/10/2569,PB-IN-25691005-73E684C3095B,PV-2569-PB-IN-25691005-73E684C3095B-001,UAT-CO1-901,-,-
อนันต์ ตามทรัพย์,เงินทดรองจ่าย,500.00,0.00,500.00,,ADV-02221E05,-,05/10/2569,PB-IN-25691005-73E684C3095B,PV-2569-PB-IN-25691005-73E684C3095B-001,-,-,-
อนันต์ ตามทรัพย์,คอมมิชชั่น,500.00,15.00,485.00,,740eb551-c36a-40f1-8ca4-c0f8220a3d52,06/10/2569,06/10/2569,PB-IN-25691006-B5A103FF7CFD,PV-2569-PB-IN-25691006-B5A103FF7CFD-001,UAT-CO1-006,-,-
อนันต์ ตามทรัพย์,ค่าน้ำมัน,100.00,3.00,97.00,,26dc9a38-1535-4e78-b348-636bc5b1d78b,06/10/2569,06/10/2569,PB-IN-25691006-B5A103FF7CFD,PV-2569-PB-IN-25691006-B5A103FF7CFD-001,UAT-CO1-006,-,-
อนันต์ ตามทรัพย์,เบี้ยเลี้ยง,75.00,2.25,72.75,,9af0e1f2-6d55-4c89-8baa-84538e17c0d3,06/10/2569,06/10/2569,PB-IN-25691006-B5A103FF7CFD,PV-2569-PB-IN-25691006-B5A103FF7CFD-001,UAT-CO1-006,-,-
อนันต์ ตามทรัพย์,ค่าน้ำมัน,100.00,3.00,97.00,,7d2f52d5-4328-4ad5-bd1a-3bd55d189d25,06/10/2569,06/10/2569,PB-IN-25691006-B5A103FF7CFD,PV-2569-PB-IN-25691006-B5A103FF7CFD-001,UAT-CO2-R14,-,-
อนันต์ ตามทรัพย์,คอมมิชชั่น,500.00,15.00,485.00,,75a693dd-084e-469f-8f10-2ea92a1bf6f4,06/10/2569,06/10/2569,PB-IN-25691006-B5A103FF7CFD,PV-2569-PB-IN-25691006-B5A103FF7CFD-001,UAT-CO2-R14,-,-
อนันต์ ตามทรัพย์,เบี้ยเลี้ยง,75.00,2.25,72.75,,90cf0b9d-dde1-44bc-8afc-ebeb0fd50462,06/10/2569,06/10/2569,PB-IN-25691006-B5A103FF7CFD,PV-2569-PB-IN-25691006-B5A103FF7CFD-001,UAT-CO2-R14,-,-
